Date,Valeur,Price,Open,High,Low,Vol.,Change %
09/21/2023,SOMOC,0.77,0.77,0.77,0.77,,0.00%
09/20/2023,SOMOC,0.77,0.76,0.77,0.75,12.03K,1.32%
09/19/2023,SOMOC,0.76,0.74,0.77,0.74,11.78K,0.00%
09/18/2023,SOMOC,0.76,0.76,0.77,0.75,49.57K,0.00%
09/15/2023,SOMOC,0.76,0.75,0.76,0.75,57.40K,1.33%
09/14/2023,SOMOC,0.75,0.74,0.75,0.74,14.06K,1.35%
09/13/2023,SOMOC,0.74,0.71,0.74,0.71,10.46K,4.23%
09/12/2023,SOMOC,0.71,0.71,0.71,0.7,7.70K,0.00%
09/11/2023,SOMOC,0.71,0.7,0.71,0.7,9.88K,0.00%
09/08/2023,SOMOC,0.71,0.7,0.71,0.7,4.60K,1.43%
09/07/2023,SOMOC,0.7,0.7,0.7,0.69,11.35K,1.45%
09/06/2023,SOMOC,0.69,0.68,0.7,0.68,28.56K,-2.82%
09/05/2023,SOMOC,0.71,0.72,0.72,0.7,15.95K,-1.39%
09/04/2023,SOMOC,0.72,0.7,0.72,0.7,10.13K,1.41%
09/01/2023,SOMOC,0.71,0.71,0.72,0.7,9.64K,0.00%
08/31/2023,SOMOC,0.71,0.7,0.72,0.7,1.25K,-1.39%
08/30/2023,SOMOC,0.72,0.72,0.72,0.71,9.96K,1.41%
08/29/2023,SOMOC,0.71,0.72,0.72,0.71,4.74K,-1.39%
08/28/2023,SOMOC,0.72,0.7,0.72,0.7,22.44K,2.86%
08/25/2023,SOMOC,0.7,0.7,0.7,0.69,65.61K,-1.41%
08/24/2023,SOMOC,0.71,0.7,0.72,0.7,32.43K,-1.39%
08/23/2023,SOMOC,0.72,0.72,0.72,0.69,24.81K,0.00%
08/22/2023,SOMOC,0.72,0.7,0.74,0.7,15.18K,-1.37%
08/21/2023,SOMOC,0.73,0.75,0.75,0.72,15.41K,-2.67%
08/18/2023,SOMOC,0.75,0.75,0.76,0.75,5.08K,-1.32%
08/17/2023,SOMOC,0.76,0.75,0.76,0.75,1.08K,0.00%
08/16/2023,SOMOC,0.76,0.76,0.76,0.75,2.00K,1.33%
08/15/2023,SOMOC,0.75,0.73,0.77,0.73,31.10K,-2.60%
08/14/2023,SOMOC,0.77,0.76,0.77,0.75,34.96K,0.00%
08/11/2023,SOMOC,0.77,0.75,0.77,0.75,0.05K,-1.28%
08/10/2023,SOMOC,0.78,0.75,0.78,0.75,12.03K,0.00%
08/08/2023,SOMOC,0.78,0.77,0.78,0.77,2.50K,0.00%
08/07/2023,SOMOC,0.78,0.77,0.78,0.77,1.70K,0.00%
08/04/2023,SOMOC,0.78,0.77,0.78,0.76,12.99K,0.00%
08/03/2023,SOMOC,0.78,0.75,0.78,0.75,17.41K,0.00%
08/02/2023,SOMOC,0.78,0.77,0.78,0.77,2.25K,0.00%
08/01/2023,SOMOC,0.78,0.76,0.78,0.76,29.39K,1.30%
07/31/2023,SOMOC,0.77,0.77,0.79,0.77,46.02K,-2.53%
07/28/2023,SOMOC,0.79,0.77,0.8,0.77,8.66K,-2.47%
07/26/2023,SOMOC,0.81,0.81,0.81,0.81,0.02K,1.25%
07/24/2023,SOMOC,0.8,0.78,0.8,0.78,6.70K,2.56%
07/21/2023,SOMOC,0.78,0.79,0.8,0.78,21.64K,-3.70%
07/20/2023,SOMOC,0.81,0.8,0.81,0.8,0.44K,1.25%
07/18/2023,SOMOC,0.8,0.8,0.8,0.8,0.40K,0.00%
07/17/2023,SOMOC,0.8,0.8,0.8,0.79,14.80K,0.00%
07/14/2023,SOMOC,0.8,0.8,0.8,0.8,4.10K,-1.23%
07/13/2023,SOMOC,0.81,0.81,0.81,0.8,13.96K,0.00%
07/12/2023,SOMOC,0.81,0.81,0.81,0.81,1.25K,0.00%
07/11/2023,SOMOC,0.81,0.8,0.81,0.8,5.10K,0.00%
07/10/2023,SOMOC,0.81,0.8,0.81,0.8,10.01K,0.00%
07/07/2023,SOMOC,0.81,0.8,0.81,0.8,33.89K,0.00%
07/06/2023,SOMOC,0.81,0.8,0.81,0.8,35.45K,0.00%
07/05/2023,SOMOC,0.81,0.8,0.81,0.8,3.47K,0.00%
07/04/2023,SOMOC,0.81,0.8,0.81,0.8,27.49K,0.00%
07/03/2023,SOMOC,0.81,0.81,0.81,0.81,0.51K,0.00%
06/30/2023,SOMOC,0.81,0.81,0.81,0.79,10.56K,1.25%
06/27/2023,SOMOC,0.8,0.82,0.82,0.79,185.15K,-3.61%
06/26/2023,SOMOC,0.83,0.82,0.83,0.81,13.17K,1.22%
06/23/2023,SOMOC,0.82,0.82,0.82,0.81,18.75K,-1.20%
06/22/2023,SOMOC,0.83,0.83,0.83,0.81,12.20K,0.00%
06/21/2023,SOMOC,0.83,0.82,0.83,0.81,8.97K,0.00%
06/20/2023,SOMOC,0.83,0.82,0.83,0.81,12.55K,1.22%
06/19/2023,SOMOC,0.82,0.82,0.82,0.81,8.15K,0.00%
06/16/2023,SOMOC,0.82,0.82,0.83,0.81,3.23K,-1.20%
06/15/2023,SOMOC,0.83,0.83,0.83,0.82,3.01K,0.00%
06/14/2023,SOMOC,0.83,0.83,0.83,0.81,6.71K,2.47%
06/13/2023,SOMOC,0.81,0.81,0.82,0.8,26.79K,-1.22%
06/12/2023,SOMOC,0.82,0.81,0.82,0.8,5.55K,0.00%
06/09/2023,SOMOC,0.82,0.83,0.83,0.81,6.89K,-1.20%
06/08/2023,SOMOC,0.83,0.81,0.83,0.81,5.35K,2.47%
06/07/2023,SOMOC,0.81,0.81,0.81,0.8,0.88K,-1.22%
06/06/2023,SOMOC,0.82,0.8,0.82,0.8,9.35K,0.00%
06/05/2023,SOMOC,0.82,0.83,0.83,0.82,0.01K,0.00%
06/02/2023,SOMOC,0.82,0.83,0.83,0.81,1.60K,0.00%
06/01/2023,SOMOC,0.82,0.83,0.83,0.79,20.41K,1.23%
05/31/2023,SOMOC,0.81,0.83,0.83,0.81,3.01K,-1.22%
05/30/2023,SOMOC,0.82,0.82,0.82,0.81,1.78K,-1.20%
05/29/2023,SOMOC,0.83,0.83,0.83,0.8,8.86K,0.00%
05/26/2023,SOMOC,0.83,0.82,0.83,0.81,12.97K,1.22%
05/25/2023,SOMOC,0.82,0.82,0.83,0.81,16.69K,-1.20%
05/24/2023,SOMOC,0.83,0.83,0.83,0.83,1.53K,0.00%
05/23/2023,SOMOC,0.83,0.82,0.83,0.82,11.52K,1.22%
05/22/2023,SOMOC,0.82,0.81,0.83,0.81,2.16K,-1.20%
05/19/2023,SOMOC,0.83,0.83,0.83,0.82,0.80K,0.00%
05/18/2023,SOMOC,0.83,0.82,0.83,0.82,33.82K,1.22%
05/17/2023,SOMOC,0.82,0.82,0.82,0.8,3.12K,0.00%
05/16/2023,SOMOC,0.82,0.82,0.83,0.8,8.58K,0.00%
05/15/2023,SOMOC,0.82,0.83,0.83,0.81,11.69K,0.00%
05/12/2023,SOMOC,0.82,0.83,0.84,0.82,17.18K,-2.38%
05/11/2023,SOMOC,0.84,0.82,0.84,0.82,3.51K,0.00%
05/10/2023,SOMOC,0.84,0.83,0.84,0.83,2.00K,0.00%
05/09/2023,SOMOC,0.84,0.83,0.84,0.82,68.84K,1.20%
05/08/2023,SOMOC,0.83,0.83,0.83,0.82,8.74K,0.00%
05/05/2023,SOMOC,0.83,0.83,0.83,0.79,19.03K,0.00%
05/04/2023,SOMOC,0.83,0.82,0.84,0.81,70.14K,2.47%
05/03/2023,SOMOC,0.81,0.82,0.82,0.8,1.56K,-1.22%
05/02/2023,SOMOC,0.82,0.8,0.83,0.8,19.11K,2.50%
04/28/2023,SOMOC,0.8,0.8,0.8,0.8,1.00K,0.00%
04/27/2023,SOMOC,0.8,0.81,0.81,0.79,7.05K,-1.23%
04/26/2023,SOMOC,0.81,0.79,0.83,0.77,32.55K,2.53%
04/25/2023,SOMOC,0.79,0.79,0.8,0.78,11.01K,0.00%
04/24/2023,SOMOC,0.79,0.79,0.8,0.78,2.82K,0.00%
04/20/2023,SOMOC,0.79,0.78,0.79,0.77,11.89K,1.28%
04/19/2023,SOMOC,0.78,0.79,0.79,0.77,4.18K,-1.27%
04/18/2023,SOMOC,0.79,0.8,0.8,0.77,8.07K,0.00%
04/17/2023,SOMOC,0.79,0.8,0.8,0.79,4.15K,-2.47%
04/14/2023,SOMOC,0.81,0.82,0.82,0.8,3.92K,0.00%
04/13/2023,SOMOC,0.81,0.81,0.82,0.8,19.78K,0.00%
04/12/2023,SOMOC,0.81,0.8,0.82,0.8,15.23K,1.25%
04/11/2023,SOMOC,0.8,0.8,0.8,0.8,5.22K,0.00%
04/10/2023,SOMOC,0.8,0.8,0.8,0.79,5.77K,0.00%
04/07/2023,SOMOC,0.8,0.8,0.8,0.79,8.67K,0.00%
04/06/2023,SOMOC,0.8,0.8,0.8,0.79,5.46K,1.27%
04/05/2023,SOMOC,0.79,0.79,0.79,0.78,9.71K,-1.25%
04/04/2023,SOMOC,0.8,0.79,0.8,0.78,17.76K,1.27%
04/03/2023,SOMOC,0.79,0.79,0.8,0.77,2.29K,0.00%
03/31/2023,SOMOC,0.79,0.79,0.8,0.77,8.08K,0.00%
03/30/2023,SOMOC,0.79,0.79,0.79,0.79,12.00K,0.00%
03/29/2023,SOMOC,0.79,0.79,0.79,0.79,10.97K,-1.25%
03/28/2023,SOMOC,0.8,0.8,0.8,0.79,6.53K,1.27%
03/27/2023,SOMOC,0.79,0.79,0.8,0.78,4.01K,1.28%
03/24/2023,SOMOC,0.78,0.78,0.78,0.78,1.49K,-2.50%
03/23/2023,SOMOC,0.8,0.79,0.8,0.78,9.75K,0.00%
03/22/2023,SOMOC,0.8,0.79,0.8,0.79,4.03K,0.00%
03/21/2023,SOMOC,0.8,0.78,0.8,0.78,57.69K,0.00%
03/17/2023,SOMOC,0.8,0.8,0.8,0.8,0.01K,0.00%
03/16/2023,SOMOC,0.8,0.79,0.8,0.79,0.66K,1.27%
03/15/2023,SOMOC,0.79,0.8,0.8,0.78,2.45K,0.00%
03/14/2023,SOMOC,0.79,0.79,0.8,0.78,8.15K,-1.25%
03/13/2023,SOMOC,0.8,0.79,0.8,0.77,10.24K,-1.23%
03/10/2023,SOMOC,0.81,0.79,0.81,0.78,4.50K,1.25%
03/09/2023,SOMOC,0.8,0.79,0.8,0.79,0.56K,0.00%
03/08/2023,SOMOC,0.8,0.8,0.81,0.78,11.35K,-1.23%
03/07/2023,SOMOC,0.81,0.82,0.82,0.79,8.37K,0.00%
03/06/2023,SOMOC,0.81,0.81,0.82,0.81,6.01K,-1.22%
03/03/2023,SOMOC,0.82,0.82,0.82,0.8,5.83K,1.23%
03/02/2023,SOMOC,0.81,0.82,0.82,0.81,3.64K,-1.22%
03/01/2023,SOMOC,0.82,0.82,0.82,0.8,5.33K,0.00%
02/28/2023,SOMOC,0.82,0.81,0.82,0.81,17.78K,0.00%
02/27/2023,SOMOC,0.82,0.82,0.82,0.8,8.61K,0.00%
02/24/2023,SOMOC,0.82,0.82,0.82,0.8,6.46K,0.00%
02/23/2023,SOMOC,0.82,0.82,0.82,0.8,2.59K,0.00%
02/22/2023,SOMOC,0.82,0.81,0.82,0.8,1.17K,0.00%
02/21/2023,SOMOC,0.82,0.82,0.82,0.82,0.35K,0.00%
02/20/2023,SOMOC,0.82,0.83,0.83,0.8,1.06K,0.00%
02/17/2023,SOMOC,0.82,0.83,0.83,0.81,8.50K,-1.20%
02/16/2023,SOMOC,0.83,0.84,0.84,0.82,8.07K,-1.19%
02/15/2023,SOMOC,0.84,0.82,0.84,0.82,0.53K,0.00%
02/14/2023,SOMOC,0.84,0.84,0.84,0.83,16.57K,0.00%
02/13/2023,SOMOC,0.84,0.84,0.84,0.82,11.20K,2.44%
02/10/2023,SOMOC,0.82,0.84,0.84,0.82,2.11K,-1.20%
02/09/2023,SOMOC,0.83,0.83,0.83,0.83,0.65K,-1.19%
02/08/2023,SOMOC,0.84,0.84,0.84,0.82,29.12K,1.20%
02/07/2023,SOMOC,0.83,0.82,0.84,0.82,9.21K,-1.19%
02/06/2023,SOMOC,0.84,0.82,0.84,0.82,22.68K,3.70%
02/03/2023,SOMOC,0.81,0.81,0.81,0.8,5.42K,0.00%
02/02/2023,SOMOC,0.81,0.81,0.81,0.8,11.63K,0.00%
02/01/2023,SOMOC,0.81,0.8,0.81,0.79,32.89K,1.25%
01/31/2023,SOMOC,0.8,0.8,0.8,0.79,46.38K,1.27%
01/30/2023,SOMOC,0.79,0.8,0.8,0.78,3.44K,0.00%
01/27/2023,SOMOC,0.79,0.79,0.79,0.78,8.74K,0.00%
01/26/2023,SOMOC,0.79,0.8,0.8,0.78,42.20K,-1.25%
01/25/2023,SOMOC,0.8,0.79,0.8,0.79,16.17K,2.56%
01/24/2023,SOMOC,0.78,0.78,0.79,0.78,7.10K,0.00%
01/23/2023,SOMOC,0.78,0.78,0.78,0.76,5.57K,0.00%
01/20/2023,SOMOC,0.78,0.77,0.78,0.76,23.20K,0.00%
01/19/2023,SOMOC,0.78,0.77,0.78,0.77,1.41K,2.63%
01/18/2023,SOMOC,0.76,0.78,0.78,0.76,5.99K,-2.56%
01/17/2023,SOMOC,0.78,0.77,0.78,0.77,4.27K,0.00%
01/16/2023,SOMOC,0.78,0.79,0.79,0.76,24.79K,0.00%
01/13/2023,SOMOC,0.78,0.78,0.79,0.77,10.56K,1.30%
01/12/2023,SOMOC,0.77,0.79,0.79,0.77,15.93K,-1.28%
01/11/2023,SOMOC,0.78,0.79,0.79,0.77,8.20K,0.00%
01/10/2023,SOMOC,0.78,0.78,0.79,0.77,107.03K,0.00%
01/09/2023,SOMOC,0.78,0.78,0.79,0.77,67.55K,0.00%
01/06/2023,SOMOC,0.78,0.78,0.8,0.77,99.10K,-1.27%
01/05/2023,SOMOC,0.79,0.79,0.79,0.77,89.66K,1.28%
01/04/2023,SOMOC,0.78,0.8,0.8,0.78,65.03K,-1.27%
01/03/2023,SOMOC,0.79,0.79,0.8,0.78,15.01K,-1.25%
01/02/2023,SOMOC,0.8,0.82,0.82,0.78,29.98K,1.27%
12/30/2022,SOMOC,0.79,0.79,0.8,0.79,3.93K,0.00%
12/29/2022,SOMOC,0.79,0.8,0.8,0.78,32.06K,-1.25%
12/28/2022,SOMOC,0.8,0.79,0.8,0.79,17.14K,1.27%
12/27/2022,SOMOC,0.79,0.8,0.8,0.79,30.22K,0.00%
12/26/2022,SOMOC,0.79,0.8,0.81,0.79,201.51K,0.00%
12/23/2022,SOMOC,0.79,0.81,0.81,0.79,56.02K,-1.25%
12/22/2022,SOMOC,0.8,0.8,0.81,0.79,22.64K,0.00%
12/21/2022,SOMOC,0.8,0.8,0.81,0.8,22.31K,0.00%
12/20/2022,SOMOC,0.8,0.8,0.81,0.8,5.90K,1.27%
12/19/2022,SOMOC,0.79,0.79,0.81,0.79,29.53K,-2.47%
12/16/2022,SOMOC,0.81,0.81,0.81,0.8,3.09K,0.00%
12/15/2022,SOMOC,0.81,0.82,0.82,0.8,18.51K,-1.22%
12/14/2022,SOMOC,0.82,0.81,0.82,0.81,16.54K,1.23%
12/13/2022,SOMOC,0.81,0.81,0.81,0.8,26.57K,1.25%
12/12/2022,SOMOC,0.8,0.81,0.82,0.8,17.45K,-1.23%
12/09/2022,SOMOC,0.81,0.82,0.82,0.81,11.55K,-1.22%
12/08/2022,SOMOC,0.82,0.81,0.82,0.81,13.20K,0.00%
12/07/2022,SOMOC,0.82,0.81,0.82,0.81,26.49K,0.00%
12/06/2022,SOMOC,0.82,0.82,0.82,0.8,5.45K,0.00%
12/05/2022,SOMOC,0.82,0.82,0.82,0.82,3.30K,0.00%
12/02/2022,SOMOC,0.82,0.82,0.83,0.8,14.73K,0.00%
12/01/2022,SOMOC,0.82,0.82,0.82,0.8,7.93K,1.23%
11/30/2022,SOMOC,0.81,0.82,0.82,0.8,68.80K,-2.41%
11/28/2022,SOMOC,0.83,0.8,0.83,0.8,35.23K,0.00%
11/25/2022,SOMOC,0.83,0.82,0.83,0.81,11.73K,1.22%
11/24/2022,SOMOC,0.82,0.82,0.82,0.82,0.55K,0.00%
11/23/2022,SOMOC,0.82,0.83,0.83,0.81,52.39K,-1.20%
11/22/2022,SOMOC,0.83,0.83,0.84,0.81,12.02K,0.00%
11/21/2022,SOMOC,0.83,0.84,0.84,0.82,14.71K,0.00%
11/18/2022,SOMOC,0.83,0.83,0.84,0.82,45.89K,0.00%
11/17/2022,SOMOC,0.83,0.83,0.84,0.82,26.58K,0.00%
11/16/2022,SOMOC,0.83,0.83,0.84,0.82,32.81K,0.00%
11/15/2022,SOMOC,0.83,0.83,0.84,0.82,46.14K,1.22%
11/14/2022,SOMOC,0.82,0.8,0.83,0.8,65.26K,2.50%
11/11/2022,SOMOC,0.8,0.8,0.8,0.79,46.21K,0.00%
11/10/2022,SOMOC,0.8,0.81,0.81,0.8,7.29K,0.00%
11/09/2022,SOMOC,0.8,0.8,0.81,0.8,19.28K,0.00%
11/08/2022,SOMOC,0.8,0.8,0.81,0.79,38.76K,-1.23%
11/07/2022,SOMOC,0.81,0.8,0.82,0.79,108.73K,2.53%
11/04/2022,SOMOC,0.79,0.82,0.82,0.79,37.66K,-2.47%
11/03/2022,SOMOC,0.81,0.82,0.82,0.79,10.60K,0.00%
11/02/2022,SOMOC,0.81,0.81,0.82,0.81,3.10K,0.00%
11/01/2022,SOMOC,0.81,0.83,0.83,0.8,47.66K,-1.22%
10/31/2022,SOMOC,0.82,0.83,0.83,0.81,4.81K,-1.20%
10/28/2022,SOMOC,0.83,0.83,0.83,0.82,25.82K,1.22%
10/27/2022,SOMOC,0.82,0.82,0.82,0.8,16.57K,1.23%
10/26/2022,SOMOC,0.81,0.83,0.83,0.8,41.05K,0.00%
10/25/2022,SOMOC,0.81,0.82,0.83,0.8,77.78K,-2.41%
10/24/2022,SOMOC,0.83,0.82,0.83,0.8,35.38K,1.22%
10/21/2022,SOMOC,0.82,0.84,0.84,0.8,93.85K,1.23%
10/20/2022,SOMOC,0.81,0.82,0.84,0.8,96.48K,-2.41%
10/19/2022,SOMOC,0.83,0.82,0.83,0.81,84.33K,1.22%
10/18/2022,SOMOC,0.82,0.82,0.82,0.81,32.87K,0.00%
10/17/2022,SOMOC,0.82,0.83,0.83,0.82,48.35K,-1.20%
10/14/2022,SOMOC,0.83,0.83,0.83,0.82,57.22K,0.00%
10/13/2022,SOMOC,0.83,0.83,0.84,0.83,67.30K,0.00%
10/12/2022,SOMOC,0.83,0.84,0.84,0.82,39.16K,0.00%
10/11/2022,SOMOC,0.83,0.85,0.85,0.82,111.56K,-1.19%
10/10/2022,SOMOC,0.84,0.86,0.86,0.83,55.65K,0.00%
10/07/2022,SOMOC,0.84,0.85,0.85,0.83,28.21K,0.00%
10/06/2022,SOMOC,0.84,0.86,0.87,0.84,573.64K,-1.18%
10/05/2022,SOMOC,0.85,0.9,0.9,0.84,107.82K,-3.41%
10/04/2022,SOMOC,0.88,0.83,0.9,0.83,109.99K,2.33%
10/03/2022,SOMOC,0.86,0.9,0.93,0.86,212.17K,-5.49%
09/30/2022,SOMOC,0.91,0.93,0.93,0.91,35.03K,-1.09%
09/29/2022,SOMOC,0.92,0.89,0.93,0.89,65.68K,1.10%
09/28/2022,SOMOC,0.91,0.95,0.95,0.9,80.16K,-3.19%
09/27/2022,SOMOC,0.94,1,1,0.93,202.30K,-4.08%
09/26/2022,SOMOC,0.98,1,1,0.97,48.44K,-2.00%
09/23/2022,SOMOC,1,1,1.01,0.98,91.01K,0.00%
09/22/2022,SOMOC,1,0.97,1.01,0.97,119.79K,2.04%
09/21/2022,SOMOC,0.98,0.94,0.98,0.93,179.44K,2.08%
09/20/2022,SOMOC,0.96,0.98,0.99,0.93,27.37K,-2.04%
09/19/2022,SOMOC,0.98,0.99,1,0.97,54.55K,1.03%
09/16/2022,SOMOC,0.97,0.93,0.98,0.92,169.21K,-5.83%
09/14/2022,SOMOC,1.03,1.09,1.09,1.03,95.13K,-5.50%
09/13/2022,SOMOC,1.09,1.12,1.12,1.06,305.26K,-2.68%
09/12/2022,SOMOC,1.12,1.15,1.15,1.09,379.58K,2.75%
09/09/2022,SOMOC,1.09,1.04,1.09,1.04,359.32K,5.83%
09/08/2022,SOMOC,1.03,0.99,1.03,0.99,436.52K,5.10%
09/07/2022,SOMOC,0.98,0.96,0.99,0.94,396.22K,4.26%
09/06/2022,SOMOC,0.94,0.93,0.97,0.93,216.12K,0.00%
09/05/2022,SOMOC,0.94,0.99,0.99,0.94,411.18K,-4.08%
09/02/2022,SOMOC,0.98,0.97,1,0.97,484.73K,3.16%
09/01/2022,SOMOC,0.95,0.91,0.95,0.91,513.37K,5.56%
08/31/2022,SOMOC,0.9,0.84,0.9,0.84,292.78K,5.88%
08/30/2022,SOMOC,0.85,0.85,0.85,0.83,64.66K,0.00%
08/29/2022,SOMOC,0.85,0.86,0.86,0.85,21.80K,0.00%
08/26/2022,SOMOC,0.85,0.84,0.85,0.84,29.94K,0.00%
08/25/2022,SOMOC,0.85,0.85,0.86,0.84,51.07K,0.00%
08/24/2022,SOMOC,0.85,0.84,0.85,0.84,9.11K,0.00%
08/23/2022,SOMOC,0.85,0.84,0.85,0.84,13.04K,-1.16%
08/22/2022,SOMOC,0.86,0.86,0.86,0.85,14.53K,1.18%
08/19/2022,SOMOC,0.85,0.84,0.85,0.84,7.25K,-1.16%
08/18/2022,SOMOC,0.86,0.85,0.86,0.84,23.39K,1.18%
08/17/2022,SOMOC,0.85,0.86,0.86,0.85,19.52K,-1.16%
08/16/2022,SOMOC,0.86,0.86,0.86,0.84,19.90K,0.00%
08/15/2022,SOMOC,0.86,0.86,0.86,0.85,9.36K,1.18%
08/12/2022,SOMOC,0.85,0.85,0.86,0.85,22.75K,-1.16%
08/11/2022,SOMOC,0.86,0.85,0.86,0.84,50.56K,2.38%
08/10/2022,SOMOC,0.84,0.84,0.85,0.83,14.37K,0.00%
08/09/2022,SOMOC,0.84,0.84,0.85,0.83,0.46K,0.00%
08/08/2022,SOMOC,0.84,0.85,0.85,0.83,6.77K,0.00%
08/05/2022,SOMOC,0.84,0.84,0.85,0.83,11.89K,0.00%
08/04/2022,SOMOC,0.84,0.84,0.84,0.83,24.79K,1.20%
08/03/2022,SOMOC,0.83,0.84,0.85,0.83,14.22K,-1.19%
08/02/2022,SOMOC,0.84,0.82,0.85,0.8,271.76K,2.44%
08/01/2022,SOMOC,0.82,0.84,0.84,0.81,39.55K,0.00%
07/29/2022,SOMOC,0.82,0.84,0.85,0.81,93.28K,0.00%
07/28/2022,SOMOC,0.82,0.85,0.85,0.81,11.88K,-1.20%
07/27/2022,SOMOC,0.83,0.84,0.84,0.82,52.38K,-1.19%
07/26/2022,SOMOC,0.84,0.86,0.87,0.82,112.61K,-1.18%
07/22/2022,SOMOC,0.85,0.84,0.86,0.83,140.95K,2.41%
07/21/2022,SOMOC,0.83,0.85,0.85,0.82,46.45K,-1.19%
07/20/2022,SOMOC,0.84,0.84,0.84,0.82,341.36K,0.00%
07/19/2022,SOMOC,0.84,0.86,0.86,0.84,45.64K,-3.45%
07/18/2022,SOMOC,0.87,0.87,0.88,0.87,3.50K,-1.14%
07/15/2022,SOMOC,0.88,0.88,0.88,0.87,42.54K,0.00%
07/14/2022,SOMOC,0.88,0.88,0.89,0.88,6.50K,0.00%
07/13/2022,SOMOC,0.88,0.89,0.9,0.87,30.72K,-2.22%
07/12/2022,SOMOC,0.9,0.92,0.92,0.9,22.16K,-2.17%
07/11/2022,SOMOC,0.92,0.91,0.92,0.89,63.48K,2.22%
07/08/2022,SOMOC,0.9,0.9,0.91,0.9,109.77K,0.00%
07/07/2022,SOMOC,0.9,0.89,0.9,0.88,129.99K,2.27%
07/06/2022,SOMOC,0.88,0.86,0.89,0.86,196.03K,4.76%
07/05/2022,SOMOC,0.84,0.81,0.84,0.8,123.12K,3.70%
07/04/2022,SOMOC,0.81,0.81,0.81,0.79,28.63K,2.53%
07/01/2022,SOMOC,0.79,0.8,0.8,0.79,19.25K,1.28%
06/30/2022,SOMOC,0.78,0.8,0.81,0.78,22.66K,-3.70%
06/29/2022,SOMOC,0.81,0.81,0.81,0.81,0.50K,0.00%
06/28/2022,SOMOC,0.81,0.79,0.81,0.79,15.69K,0.00%
06/27/2022,SOMOC,0.81,0.81,0.81,0.81,0.45K,1.25%
06/24/2022,SOMOC,0.8,0.8,0.81,0.8,6.16K,0.00%
06/23/2022,SOMOC,0.8,0.79,0.81,0.79,21.02K,0.00%
06/22/2022,SOMOC,0.8,0.8,0.81,0.8,92.25K,0.00%
06/21/2022,SOMOC,0.8,0.8,0.8,0.8,11.29K,0.00%
06/20/2022,SOMOC,0.8,0.81,0.81,0.8,5.76K,-1.23%
06/17/2022,SOMOC,0.81,0.81,0.81,0.8,4.24K,0.00%
06/16/2022,SOMOC,0.81,0.8,0.81,0.8,3.47K,0.00%
06/15/2022,SOMOC,0.81,0.8,0.81,0.8,12.06K,0.00%
06/14/2022,SOMOC,0.81,0.81,0.81,0.81,2.24K,0.00%
06/13/2022,SOMOC,0.81,0.82,0.85,0.81,18.28K,-1.22%
06/10/2022,SOMOC,0.82,0.82,0.83,0.8,9.36K,0.00%
06/09/2022,SOMOC,0.82,0.82,0.82,0.8,4.49K,1.23%
06/08/2022,SOMOC,0.81,0.82,0.82,0.81,11.69K,-1.22%
06/07/2022,SOMOC,0.82,0.82,0.82,0.81,5.11K,1.23%
06/06/2022,SOMOC,0.81,0.82,0.83,0.81,26.90K,-1.22%
06/03/2022,SOMOC,0.82,0.83,0.83,0.81,12.29K,0.00%
06/02/2022,SOMOC,0.82,0.8,0.83,0.8,40.73K,2.50%
06/01/2022,SOMOC,0.8,0.8,0.8,0.79,79.88K,0.00%
05/31/2022,SOMOC,0.8,0.8,0.8,0.79,6.23K,0.00%
05/30/2022,SOMOC,0.8,0.79,0.8,0.79,31.20K,0.00%
05/27/2022,SOMOC,0.8,0.79,0.8,0.79,9.04K,0.00%
05/26/2022,SOMOC,0.8,0.82,0.83,0.8,75.30K,-2.44%
05/25/2022,SOMOC,0.82,0.83,0.83,0.81,23.52K,0.00%
05/24/2022,SOMOC,0.82,0.81,0.83,0.81,17.08K,0.00%
05/23/2022,SOMOC,0.82,0.82,0.83,0.82,45.91K,0.00%
05/20/2022,SOMOC,0.82,0.8,0.82,0.8,0.92K,-1.20%
05/19/2022,SOMOC,0.83,0.83,0.83,0.83,0.22K,1.22%
05/18/2022,SOMOC,0.82,0.82,0.84,0.81,23.59K,-1.20%
05/17/2022,SOMOC,0.83,0.83,0.83,0.82,44.46K,-1.19%
05/16/2022,SOMOC,0.84,0.83,0.85,0.82,65.26K,0.00%
05/13/2022,SOMOC,0.84,0.84,0.84,0.82,38.78K,1.20%
05/12/2022,SOMOC,0.83,0.85,0.85,0.83,143.24K,-1.19%
05/11/2022,SOMOC,0.84,0.85,0.85,0.83,21.67K,-1.18%
05/10/2022,SOMOC,0.85,0.85,0.85,0.83,44.06K,0.00%
05/09/2022,SOMOC,0.85,0.84,0.86,0.84,61.69K,1.19%
05/06/2022,SOMOC,0.84,0.85,0.86,0.84,45.49K,-1.18%
05/05/2022,SOMOC,0.85,0.85,0.86,0.85,3.85K,-1.16%
05/04/2022,SOMOC,0.86,0.87,0.87,0.86,2.00K,-1.15%
04/29/2022,SOMOC,0.87,0.86,0.87,0.86,4.25K,0.00%
04/28/2022,SOMOC,0.87,0.86,0.87,0.86,34.57K,1.16%
04/27/2022,SOMOC,0.86,0.86,0.86,0.86,0.80K,0.00%
04/26/2022,SOMOC,0.86,0.85,0.86,0.85,0.82K,0.00%
04/25/2022,SOMOC,0.86,0.85,0.87,0.85,7.95K,-1.15%
04/22/2022,SOMOC,0.87,0.85,0.87,0.85,22.40K,-1.14%
04/21/2022,SOMOC,0.88,0.88,0.88,0.88,0.01K,0.00%
04/20/2022,SOMOC,0.88,0.86,0.88,0.86,7.40K,0.00%
04/19/2022,SOMOC,0.88,0.86,0.88,0.86,22.51K,1.15%
04/18/2022,SOMOC,0.87,0.85,0.87,0.85,24.31K,0.00%
04/15/2022,SOMOC,0.87,0.87,0.87,0.86,9.51K,0.00%
04/14/2022,SOMOC,0.87,0.85,0.87,0.85,16.78K,1.16%
04/13/2022,SOMOC,0.86,0.86,0.86,0.86,6.35K,0.00%
04/12/2022,SOMOC,0.86,0.84,0.86,0.84,11.39K,0.00%
04/11/2022,SOMOC,0.86,0.86,0.86,0.86,0.53K,0.00%
04/08/2022,SOMOC,0.86,0.84,0.86,0.84,14.18K,0.00%
04/07/2022,SOMOC,0.86,0.86,0.86,0.86,0.66K,0.00%
04/06/2022,SOMOC,0.86,0.85,0.86,0.85,11.62K,0.00%
04/05/2022,SOMOC,0.86,0.85,0.86,0.85,2.05K,0.00%
04/04/2022,SOMOC,0.86,0.86,0.86,0.85,1.46K,0.00%
04/01/2022,SOMOC,0.86,0.84,0.86,0.84,0.37K,0.00%
03/31/2022,SOMOC,0.86,0.85,0.86,0.84,2.43K,0.00%
03/30/2022,SOMOC,0.86,0.86,0.86,0.85,3.04K,1.18%
03/29/2022,SOMOC,0.85,0.87,0.87,0.85,7.97K,-1.16%
03/28/2022,SOMOC,0.86,0.87,0.87,0.84,19.28K,0.00%
03/25/2022,SOMOC,0.86,0.86,0.87,0.85,28.78K,0.00%
03/24/2022,SOMOC,0.86,0.86,0.87,0.85,30.62K,-1.15%
03/23/2022,SOMOC,0.87,0.87,0.87,0.86,39.92K,0.00%
03/22/2022,SOMOC,0.87,0.85,0.88,0.85,19.69K,1.16%
03/21/2022,SOMOC,0.86,0.87,0.87,0.86,11.82K,-1.15%
03/18/2022,SOMOC,0.87,0.86,0.87,0.86,27.75K,1.16%
03/17/2022,SOMOC,0.86,0.85,0.86,0.85,1.22K,1.18%
03/16/2022,SOMOC,0.85,0.86,0.86,0.85,31.93K,-1.16%
03/15/2022,SOMOC,0.86,0.87,0.87,0.85,35.54K,-1.15%
03/14/2022,SOMOC,0.87,0.84,0.87,0.84,4.45K,0.00%
03/11/2022,SOMOC,0.87,0.86,0.87,0.85,1.68K,0.00%
03/10/2022,SOMOC,0.87,0.87,0.87,0.85,3.87K,0.00%
03/09/2022,SOMOC,0.87,0.86,0.87,0.85,4.77K,1.16%
03/08/2022,SOMOC,0.86,0.87,0.87,0.85,2.68K,0.00%
03/07/2022,SOMOC,0.86,0.86,0.86,0.85,0.65K,0.00%
03/04/2022,SOMOC,0.86,0.87,0.87,0.85,2.71K,1.18%
03/03/2022,SOMOC,0.85,0.86,0.87,0.85,6.66K,-2.30%
03/02/2022,SOMOC,0.87,0.86,0.87,0.85,2.22K,1.16%
03/01/2022,SOMOC,0.86,0.87,0.87,0.86,7.00K,1.18%
02/28/2022,SOMOC,0.85,0.88,0.88,0.85,10.06K,-2.30%
02/25/2022,SOMOC,0.87,0.85,0.87,0.85,14.97K,0.00%
02/24/2022,SOMOC,0.87,0.88,0.89,0.84,23.26K,0.00%
02/23/2022,SOMOC,0.87,0.88,0.88,0.87,4.85K,-2.25%
02/22/2022,SOMOC,0.89,0.88,0.89,0.88,0.27K,1.14%
02/21/2022,SOMOC,0.88,0.87,0.88,0.86,28.21K,0.00%
02/18/2022,SOMOC,0.88,0.88,0.88,0.88,0.50K,-1.12%
02/17/2022,SOMOC,0.89,0.89,0.89,0.86,12.24K,3.49%
02/16/2022,SOMOC,0.86,0.88,0.88,0.86,14.60K,-1.15%
02/15/2022,SOMOC,0.87,0.87,0.89,0.86,8.45K,0.00%
02/14/2022,SOMOC,0.87,0.88,0.88,0.86,16.68K,-2.25%
02/11/2022,SOMOC,0.89,0.89,0.89,0.87,3.62K,1.14%
02/10/2022,SOMOC,0.88,0.9,0.9,0.87,12.64K,-2.22%
02/09/2022,SOMOC,0.9,0.89,0.91,0.89,46.97K,1.12%
02/08/2022,SOMOC,0.89,0.88,0.89,0.86,44.99K,1.14%
02/07/2022,SOMOC,0.88,0.9,0.9,0.85,17.03K,1.15%
02/04/2022,SOMOC,0.87,0.91,0.92,0.87,27.22K,-5.43%
02/03/2022,SOMOC,0.92,0.92,0.95,0.9,83.16K,1.10%
02/02/2022,SOMOC,0.91,0.86,0.91,0.86,72.09K,5.81%
02/01/2022,SOMOC,0.86,0.87,0.87,0.86,14.98K,2.38%
01/31/2022,SOMOC,0.84,0.86,0.87,0.84,17.24K,-3.45%
01/28/2022,SOMOC,0.87,0.87,0.87,0.86,35.51K,0.00%
01/27/2022,SOMOC,0.87,0.87,0.87,0.85,17.97K,1.16%
01/26/2022,SOMOC,0.86,0.87,0.87,0.85,22.52K,0.00%
01/25/2022,SOMOC,0.86,0.87,0.87,0.85,3.59K,0.00%
01/24/2022,SOMOC,0.86,0.86,0.86,0.85,3.80K,4.88%
01/22/2022,SOMOC,0.82,0.82,0.82,0.82,,-4.65%
01/21/2022,SOMOC,0.86,0.87,0.87,0.85,12.48K,0.00%
01/20/2022,SOMOC,0.86,0.86,0.86,0.85,6.00K,0.00%
01/19/2022,SOMOC,0.86,0.86,0.87,0.84,7.10K,0.00%
01/18/2022,SOMOC,0.86,0.85,0.87,0.85,11.80K,1.18%
01/17/2022,SOMOC,0.85,0.85,0.85,0.85,3.38K,0.00%
01/14/2022,SOMOC,0.85,0.85,0.85,0.84,3.16K,-1.16%
01/13/2022,SOMOC,0.86,0.86,0.86,0.84,6.50K,1.18%
01/12/2022,SOMOC,0.85,0.88,0.88,0.85,31.04K,-2.30%
01/11/2022,SOMOC,0.87,0.88,0.88,0.85,9.01K,-1.14%
01/10/2022,SOMOC,0.88,0.88,0.88,0.87,22.51K,0.00%
01/07/2022,SOMOC,0.88,0.85,0.88,0.85,124.65K,3.53%
01/06/2022,SOMOC,0.85,0.84,0.87,0.83,41.71K,1.19%
01/05/2022,SOMOC,0.84,0.85,0.85,0.83,41.29K,-1.18%
01/04/2022,SOMOC,0.85,0.84,0.85,0.84,39.66K,0.00%
01/03/2022,SOMOC,0.85,0.84,0.85,0.82,30.65K,0.00%
12/31/2021,SOMOC,0.85,0.84,0.85,0.83,3.61K,1.19%
12/30/2021,SOMOC,0.84,0.85,0.86,0.84,5.55K,0.00%
12/29/2021,SOMOC,0.84,0.82,0.84,0.82,5.49K,5.00%
12/28/2021,SOMOC,0.8,0.83,0.83,0.8,28.27K,-2.44%
12/27/2021,SOMOC,0.82,0.82,0.83,0.82,12.83K,-1.20%
12/24/2021,SOMOC,0.83,0.84,0.84,0.82,18.78K,-1.19%
12/23/2021,SOMOC,0.84,0.86,0.86,0.82,4.00K,0.00%
12/22/2021,SOMOC,0.84,0.86,0.86,0.84,37.69K,-1.18%
12/21/2021,SOMOC,0.85,0.86,0.87,0.85,10.44K,-2.30%
12/20/2021,SOMOC,0.87,0.87,0.87,0.85,1.73K,0.00%
12/16/2021,SOMOC,0.87,0.87,0.87,0.86,4.68K,0.00%
12/15/2021,SOMOC,0.87,0.87,0.88,0.85,37.98K,0.00%
12/14/2021,SOMOC,0.87,0.87,0.87,0.85,7.48K,-1.14%
12/13/2021,SOMOC,0.88,0.88,0.88,0.85,12.00K,1.15%
12/10/2021,SOMOC,0.87,0.87,0.88,0.86,2.03K,-1.14%
12/09/2021,SOMOC,0.88,0.88,0.88,0.86,1.05K,0.00%
12/08/2021,SOMOC,0.88,0.9,0.9,0.85,4.73K,1.15%
12/07/2021,SOMOC,0.87,0.9,0.9,0.86,7.06K,0.00%
12/06/2021,SOMOC,0.87,0.9,0.9,0.86,1.53K,-1.14%
12/03/2021,SOMOC,0.88,0.88,0.88,0.87,2.69K,0.00%
12/02/2021,SOMOC,0.88,0.88,0.89,0.88,0.30K,0.00%
12/01/2021,SOMOC,0.88,0.88,0.88,0.87,2.82K,0.00%
11/30/2021,SOMOC,0.88,0.89,0.89,0.87,2.26K,-1.12%
11/29/2021,SOMOC,0.89,0.89,0.9,0.89,0.71K,1.14%
11/26/2021,SOMOC,0.88,0.88,0.89,0.87,9.31K,-1.12%
11/25/2021,SOMOC,0.89,0.86,0.9,0.86,10.17K,2.30%
11/24/2021,SOMOC,0.87,0.88,0.88,0.87,6.35K,-1.14%
11/23/2021,SOMOC,0.88,0.88,0.88,0.87,0.71K,0.00%
11/22/2021,SOMOC,0.88,0.89,0.89,0.86,4.68K,-1.12%
11/19/2021,SOMOC,0.89,0.89,0.89,0.86,24.95K,-1.11%
11/18/2021,SOMOC,0.9,0.88,0.9,0.87,6.38K,1.12%
11/17/2021,SOMOC,0.89,0.9,0.9,0.89,22.87K,-1.11%
11/16/2021,SOMOC,0.9,0.9,0.91,0.89,3.40K,1.12%
11/15/2021,SOMOC,0.89,0.9,0.9,0.89,7.05K,-1.11%
11/12/2021,SOMOC,0.9,0.9,0.9,0.89,10.16K,-2.17%
11/11/2021,SOMOC,0.92,0.9,0.92,0.88,7.77K,1.10%
11/10/2021,SOMOC,0.91,0.92,0.93,0.89,6.90K,-1.09%
11/09/2021,SOMOC,0.92,0.9,0.92,0.9,23.53K,1.10%
11/08/2021,SOMOC,0.91,0.9,0.91,0.89,17.75K,1.11%
11/05/2021,SOMOC,0.9,0.9,0.9,0.89,7.85K,0.00%
11/04/2021,SOMOC,0.9,0.9,0.91,0.89,18.09K,-2.17%
11/03/2021,SOMOC,0.92,0.9,0.92,0.9,21.08K,3.37%
11/02/2021,SOMOC,0.89,0.93,0.93,0.89,15.81K,0.00%
11/01/2021,SOMOC,0.89,0.93,0.93,0.89,11.35K,-3.26%
10/29/2021,SOMOC,0.92,0.92,0.93,0.91,36.32K,1.10%
10/28/2021,SOMOC,0.91,0.9,0.91,0.89,33.32K,1.11%
10/27/2021,SOMOC,0.9,0.9,0.91,0.9,7.80K,0.00%
10/26/2021,SOMOC,0.9,0.91,0.91,0.89,26.46K,-1.10%
10/25/2021,SOMOC,0.91,0.91,0.92,0.9,13.33K,1.11%
10/22/2021,SOMOC,0.9,0.93,0.93,0.88,10.48K,-2.17%
10/21/2021,SOMOC,0.92,0.94,0.94,0.89,16.34K,-2.13%
10/20/2021,SOMOC,0.94,0.94,0.95,0.93,99.06K,0.00%
10/19/2021,SOMOC,0.94,0.95,0.95,0.93,28.02K,0.00%
10/14/2021,SOMOC,0.94,0.93,0.94,0.93,11.19K,2.17%
10/13/2021,SOMOC,0.92,0.91,0.94,0.91,113.14K,1.10%
10/12/2021,SOMOC,0.91,0.86,0.91,0.86,171.79K,5.81%
10/11/2021,SOMOC,0.86,0.86,0.87,0.85,41.14K,1.18%
10/08/2021,SOMOC,0.85,0.85,0.87,0.85,43.84K,0.00%
10/07/2021,SOMOC,0.85,0.85,0.86,0.85,18.40K,0.00%
10/06/2021,SOMOC,0.85,0.85,0.85,0.84,5.38K,1.19%
10/05/2021,SOMOC,0.84,0.84,0.85,0.83,4.19K,0.00%
10/04/2021,SOMOC,0.84,0.85,0.85,0.84,1.50K,0.00%
10/01/2021,SOMOC,0.84,0.84,0.84,0.83,63.94K,-1.18%
09/30/2021,SOMOC,0.85,0.84,0.86,0.84,11.16K,1.19%
09/29/2021,SOMOC,0.84,0.85,0.86,0.83,37.95K,-2.33%
09/28/2021,SOMOC,0.86,0.86,0.86,0.86,5.64K,0.00%
09/27/2021,SOMOC,0.86,0.86,0.86,0.85,1.06K,1.18%
09/24/2021,SOMOC,0.85,0.84,0.86,0.84,13.75K,0.00%
09/23/2021,SOMOC,0.85,0.84,0.85,0.84,9.03K,0.00%
09/22/2021,SOMOC,0.85,0.85,0.86,0.83,20.30K,0.00%
09/21/2021,SOMOC,0.85,0.85,0.85,0.85,0.73K,-1.16%
09/20/2021,SOMOC,0.86,0.86,0.86,0.84,12.66K,-1.15%
09/17/2021,SOMOC,0.87,0.86,0.87,0.84,32.40K,0.00%
09/16/2021,SOMOC,0.87,0.87,0.87,0.85,15.66K,-1.14%
09/15/2021,SOMOC,0.88,0.88,0.88,0.88,0.60K,0.00%
09/14/2021,SOMOC,0.88,0.89,0.89,0.88,1.22K,0.00%
09/13/2021,SOMOC,0.88,0.88,0.88,0.87,9.19K,1.15%
09/10/2021,SOMOC,0.87,0.88,0.88,0.87,9.01K,0.00%
09/09/2021,SOMOC,0.87,0.89,0.89,0.86,2.01K,-1.14%
09/08/2021,SOMOC,0.88,0.89,0.89,0.87,2.16K,0.00%
09/07/2021,SOMOC,0.88,0.85,0.89,0.85,6.87K,2.33%
09/06/2021,SOMOC,0.86,0.87,0.88,0.86,38.86K,-3.37%
09/03/2021,SOMOC,0.89,0.89,0.9,0.87,1.90K,1.14%
09/02/2021,SOMOC,0.88,0.88,0.9,0.87,41.55K,-1.12%
09/01/2021,SOMOC,0.89,0.9,0.9,0.89,0.16K,-1.11%
08/31/2021,SOMOC,0.9,0.88,0.9,0.87,1.18K,-1.10%
08/30/2021,SOMOC,0.91,0.9,0.91,0.9,0.35K,2.25%
08/27/2021,SOMOC,0.89,0.89,0.89,0.88,94.21K,-1.11%
08/26/2021,SOMOC,0.9,0.89,0.9,0.88,42.61K,0.00%
08/25/2021,SOMOC,0.9,0.9,0.9,0.89,31.09K,-1.10%
08/24/2021,SOMOC,0.91,0.9,0.91,0.89,3.01K,1.11%
08/23/2021,SOMOC,0.9,0.91,0.91,0.9,8.83K,-1.10%
08/20/2021,SOMOC,0.91,0.91,0.92,0.91,48.39K,-2.15%
08/19/2021,SOMOC,0.93,0.91,0.93,0.91,7.13K,0.00%
08/18/2021,SOMOC,0.93,0.93,0.93,0.91,3.42K,0.00%
08/17/2021,SOMOC,0.93,0.92,0.93,0.92,3.50K,-1.06%
08/12/2021,SOMOC,0.94,0.94,0.94,0.92,1.06K,1.08%
08/11/2021,SOMOC,0.93,0.93,0.93,0.92,1.13K,-1.06%
08/09/2021,SOMOC,0.94,0.92,0.94,0.91,4.98K,1.08%
08/06/2021,SOMOC,0.93,0.93,0.93,0.91,4.35K,0.00%
08/05/2021,SOMOC,0.93,0.92,0.93,0.92,7.11K,0.00%
08/04/2021,SOMOC,0.93,0.93,0.93,0.93,0.20K,0.00%
08/03/2021,SOMOC,0.93,0.93,0.93,0.93,0.48K,-1.06%
08/02/2021,SOMOC,0.94,0.93,0.94,0.93,3.66K,0.00%
07/30/2021,SOMOC,0.94,0.94,0.94,0.92,18.62K,0.00%
07/29/2021,SOMOC,0.94,0.93,0.94,0.93,1.56K,0.00%
07/28/2021,SOMOC,0.94,0.92,0.94,0.92,9.73K,2.17%
07/27/2021,SOMOC,0.92,0.92,0.92,0.92,0.03K,1.10%
07/26/2021,SOMOC,0.91,0.93,0.94,0.91,22.25K,0.00%
07/23/2021,SOMOC,0.91,0.92,0.92,0.9,3.70K,-1.09%
07/22/2021,SOMOC,0.92,0.92,0.92,0.9,4.25K,0.00%
07/19/2021,SOMOC,0.92,0.9,0.92,0.89,1.98K,2.22%
07/16/2021,SOMOC,0.9,0.88,0.9,0.88,18.15K,1.12%
07/15/2021,SOMOC,0.89,0.89,0.89,0.88,11.75K,0.00%
07/14/2021,SOMOC,0.89,0.89,0.89,0.88,1.79K,0.00%
07/13/2021,SOMOC,0.89,0.91,0.91,0.89,18.25K,-1.11%
07/12/2021,SOMOC,0.9,0.9,0.9,0.9,10.68K,-3.23%
07/08/2021,SOMOC,0.93,0.93,0.93,0.91,7.33K,0.00%
07/07/2021,SOMOC,0.93,0.93,0.93,0.93,0.01K,1.09%
07/06/2021,SOMOC,0.92,0.93,0.93,0.91,2.01K,0.00%
07/05/2021,SOMOC,0.92,0.94,0.94,0.92,0.54K,-1.08%
07/02/2021,SOMOC,0.93,0.92,0.94,0.92,20.43K,0.00%
07/01/2021,SOMOC,0.93,0.92,0.93,0.91,2.60K,0.00%
06/30/2021,SOMOC,0.93,0.93,0.93,0.92,2.59K,0.00%
06/29/2021,SOMOC,0.93,0.94,0.94,0.92,11.99K,0.00%
06/28/2021,SOMOC,0.93,0.92,0.93,0.92,16.66K,3.33%
06/25/2021,SOMOC,0.9,0.88,0.9,0.88,16.14K,2.27%
06/24/2021,SOMOC,0.88,0.87,0.88,0.87,14.28K,0.00%
06/23/2021,SOMOC,0.88,0.89,0.89,0.85,41.84K,-1.12%
06/22/2021,SOMOC,0.89,0.88,0.9,0.88,16.59K,-1.11%
06/21/2021,SOMOC,0.9,0.91,0.92,0.9,43.89K,-2.17%
06/18/2021,SOMOC,0.92,0.92,0.92,0.9,136.60K,-2.13%
06/17/2021,SOMOC,0.94,0.94,0.96,0.94,4.20K,0.00%
06/16/2021,SOMOC,0.94,0.95,0.95,0.93,26.53K,-2.08%
06/15/2021,SOMOC,0.96,0.96,0.96,0.96,0.17K,2.13%
06/14/2021,SOMOC,0.94,0.94,0.94,0.94,77.79K,-2.08%
06/11/2021,SOMOC,0.96,0.96,0.96,0.95,1.15K,0.00%
06/10/2021,SOMOC,0.96,0.96,0.96,0.95,36.75K,0.00%
06/09/2021,SOMOC,0.96,0.96,0.96,0.96,46.08K,-1.03%
06/08/2021,SOMOC,0.97,0.98,0.98,0.96,19.37K,0.00%
06/07/2021,SOMOC,0.97,0.96,0.97,0.95,10.49K,1.04%
06/04/2021,SOMOC,0.96,0.98,0.98,0.96,39.90K,0.00%
06/03/2021,SOMOC,0.96,0.98,0.98,0.96,53.21K,-2.04%
06/02/2021,SOMOC,0.98,0.97,0.98,0.97,26.94K,-1.01%
06/01/2021,SOMOC,0.99,0.99,1,0.97,10.85K,0.00%
05/31/2021,SOMOC,0.99,0.99,0.99,0.98,10.70K,0.00%
05/28/2021,SOMOC,0.99,0.98,0.99,0.96,56.33K,-1.00%
05/27/2021,SOMOC,1,1,1,1,8.91K,0.00%
05/26/2021,SOMOC,1,1,1,0.98,2.75K,2.04%
05/25/2021,SOMOC,0.98,0.97,1,0.97,11.27K,-2.00%
05/24/2021,SOMOC,1,1,1,0.98,14.13K,-0.99%
05/21/2021,SOMOC,1.01,1,1.01,0.98,17.47K,1.00%
05/20/2021,SOMOC,1,1.01,1.01,0.98,16.96K,0.00%
05/19/2021,SOMOC,1,1.01,1.01,0.99,10.77K,0.00%
05/18/2021,SOMOC,1,1,1.01,0.99,18.63K,2.04%
05/17/2021,SOMOC,0.98,1,1,0.98,7.42K,-2.00%
05/11/2021,SOMOC,1,0.98,1,0.98,11.26K,0.00%
05/10/2021,SOMOC,1,0.99,1,0.99,9.75K,1.01%
05/07/2021,SOMOC,0.99,0.97,0.99,0.97,13.43K,1.02%
05/06/2021,SOMOC,0.98,0.96,0.98,0.96,46.92K,2.08%
05/05/2021,SOMOC,0.96,0.96,0.96,0.95,74.50K,0.00%
05/04/2021,SOMOC,0.96,0.96,0.96,0.95,33.36K,0.00%
05/03/2021,SOMOC,0.96,0.98,0.98,0.95,55.29K,-1.03%
04/30/2021,SOMOC,0.97,0.98,0.98,0.96,22.09K,1.04%
04/29/2021,SOMOC,0.96,0.98,0.98,0.96,62.63K,-2.04%
04/28/2021,SOMOC,0.98,0.99,0.99,0.97,14.73K,0.00%
04/27/2021,SOMOC,0.98,0.97,0.99,0.97,23.11K,-1.01%
04/26/2021,SOMOC,0.99,0.97,0.99,0.97,18.26K,0.00%
04/23/2021,SOMOC,0.99,0.98,0.99,0.97,28.32K,0.00%
04/22/2021,SOMOC,0.99,0.98,0.99,0.98,20.69K,0.00%
04/21/2021,SOMOC,0.99,1.01,1.01,0.98,16.53K,-1.00%
04/20/2021,SOMOC,1,1,1.01,0.99,30.17K,-0.99%
04/19/2021,SOMOC,1.01,1.01,1.01,0.99,1.05K,1.00%
04/16/2021,SOMOC,1,0.99,1.01,0.98,17.46K,-0.99%
04/14/2021,SOMOC,1.01,1.02,1.02,0.99,15.95K,0.00%
04/13/2021,SOMOC,1.01,1.02,1.02,0.99,3.83K,0.00%
04/12/2021,SOMOC,1.01,1.01,1.02,0.99,14.49K,-0.98%
04/08/2021,SOMOC,1.02,1.01,1.02,1,19.09K,0.00%
04/07/2021,SOMOC,1.02,1.02,1.04,1.01,29.75K,-1.92%
04/06/2021,SOMOC,1.04,1.06,1.06,1.04,5.60K,0.00%
04/05/2021,SOMOC,1.04,1.02,1.05,1.02,17.47K,0.97%
04/02/2021,SOMOC,1.03,1.05,1.07,1.03,75.69K,-3.74%
04/01/2021,SOMOC,1.07,1.08,1.08,1.05,36.92K,-0.93%
03/31/2021,SOMOC,1.08,1.11,1.11,1.08,53.59K,-1.82%
03/30/2021,SOMOC,1.1,1.1,1.12,1.08,5.15M,1.85%
03/29/2021,SOMOC,1.08,1.03,1.08,1.03,186.10K,4.85%
03/26/2021,SOMOC,1.03,1.02,1.03,1.01,25.14K,1.98%
03/25/2021,SOMOC,1.01,1.01,1.03,1.01,30.43K,0.00%
03/24/2021,SOMOC,1.01,1.02,1.02,1,13.52K,0.00%
03/23/2021,SOMOC,1.01,1,1.01,1,15.02K,0.00%
03/22/2021,SOMOC,1.01,1.01,1.01,1,8.55K,1.00%
03/19/2021,SOMOC,1,1,1,0.99,15.32K,0.00%
03/18/2021,SOMOC,1,1,1.01,0.99,18.71K,-1.96%
03/17/2021,SOMOC,1.02,1.01,1.02,1,33.46K,0.00%
03/16/2021,SOMOC,1.02,1.03,1.03,1,35.60K,-0.97%
03/15/2021,SOMOC,1.03,1.03,1.03,1.01,40.32K,0.00%
03/12/2021,SOMOC,1.03,1.03,1.03,1,62.50K,0.00%
03/11/2021,SOMOC,1.03,1.02,1.03,1.01,70.73K,1.98%
03/10/2021,SOMOC,1.01,0.99,1.01,0.99,140.66K,2.02%
03/09/2021,SOMOC,0.99,0.98,0.99,0.96,24.96K,1.02%
03/08/2021,SOMOC,0.98,0.98,0.98,0.96,15.86K,0.00%
03/05/2021,SOMOC,0.98,0.96,0.98,0.95,22.13K,2.08%
03/04/2021,SOMOC,0.96,0.97,0.97,0.95,14.44K,1.05%
03/03/2021,SOMOC,0.95,0.96,0.97,0.95,7.78K,-2.06%
03/02/2021,SOMOC,0.97,0.98,0.98,0.96,15.55K,0.00%
03/01/2021,SOMOC,0.97,0.98,0.98,0.96,16.48K,0.00%
02/26/2021,SOMOC,0.97,0.97,0.97,0.95,9.13K,0.00%
02/25/2021,SOMOC,0.97,0.96,0.97,0.96,2.21K,0.00%
02/24/2021,SOMOC,0.97,0.98,0.98,0.96,7.20K,1.04%
02/23/2021,SOMOC,0.96,0.98,0.98,0.96,6.26K,-2.04%
02/22/2021,SOMOC,0.98,0.97,0.98,0.95,22.28K,1.03%
02/19/2021,SOMOC,0.97,0.98,0.98,0.97,1.10K,-1.02%
02/18/2021,SOMOC,0.98,0.98,0.98,0.96,30.89K,0.00%
02/17/2021,SOMOC,0.98,0.96,0.98,0.96,34.11K,1.03%
02/16/2021,SOMOC,0.97,0.98,0.98,0.96,1.43K,-1.02%
02/15/2021,SOMOC,0.98,0.97,0.98,0.95,9.07K,2.08%
02/12/2021,SOMOC,0.96,0.94,0.97,0.94,11.74K,0.00%
02/11/2021,SOMOC,0.96,0.97,0.97,0.94,3.88K,1.05%
02/10/2021,SOMOC,0.95,0.96,0.97,0.94,20.49K,0.00%
02/09/2021,SOMOC,0.95,0.96,0.98,0.95,8.63K,1.06%
02/08/2021,SOMOC,0.94,0.94,0.96,0.94,17.12K,-2.08%
02/05/2021,SOMOC,0.96,0.98,0.98,0.96,3.28K,0.00%
02/04/2021,SOMOC,0.96,0.95,0.97,0.95,26.42K,-1.03%
02/03/2021,SOMOC,0.97,0.97,0.98,0.95,60.15K,0.00%
02/02/2021,SOMOC,0.97,0.99,0.99,0.97,10.68K,0.00%
02/01/2021,SOMOC,0.97,0.98,0.99,0.97,5.99K,-1.02%
01/29/2021,SOMOC,0.98,0.99,0.99,0.97,36.61K,-1.01%
01/28/2021,SOMOC,0.99,0.96,0.99,0.96,53.82K,2.06%
01/27/2021,SOMOC,0.97,0.96,0.97,0.95,17.64K,1.04%
01/26/2021,SOMOC,0.96,0.95,0.96,0.95,12.04K,1.05%
01/25/2021,SOMOC,0.95,0.94,0.95,0.93,36.05K,1.06%
01/22/2021,SOMOC,0.94,0.95,0.96,0.93,79.92K,-1.05%
01/21/2021,SOMOC,0.95,0.97,0.97,0.95,71.18K,-1.04%
01/20/2021,SOMOC,0.96,0.96,0.98,0.96,54.77K,-1.03%
01/19/2021,SOMOC,0.97,0.97,0.98,0.96,52.39K,-1.02%
01/18/2021,SOMOC,0.98,0.98,0.99,0.97,118.40K,-1.01%
01/15/2021,SOMOC,0.99,0.99,0.99,0.97,26.34K,0.00%
01/13/2021,SOMOC,0.99,0.99,0.99,0.97,96.70K,0.00%
01/12/2021,SOMOC,0.99,0.99,0.99,0.97,58.73K,1.02%
01/11/2021,SOMOC,0.98,1,1,0.98,61.01K,-1.01%
01/08/2021,SOMOC,0.99,0.99,0.99,0.98,115.12K,0.00%
01/07/2021,SOMOC,0.99,1,1,0.98,51.71K,-1.00%
01/06/2021,SOMOC,1,1.02,1.02,0.99,46.30K,-1.96%
01/05/2021,SOMOC,1.02,1.03,1.04,1,221.44K,-1.92%
01/04/2021,SOMOC,1.04,1.01,1.05,1.01,282.69K,4.00%
12/31/2020,SOMOC,1,0.99,1,0.98,185.68K,1.01%
12/30/2020,SOMOC,0.99,1,1,0.97,99.99K,-1.00%
12/29/2020,SOMOC,1,1.04,1.04,0.99,339.97K,0.00%
12/28/2020,SOMOC,1,0.97,1,0.97,445.29K,5.26%
12/25/2020,SOMOC,0.95,0.96,0.97,0.94,79.90K,0.00%
12/24/2020,SOMOC,0.95,0.94,0.96,0.94,63.85K,1.06%
12/23/2020,SOMOC,0.94,0.94,0.96,0.94,89.72K,-1.05%
12/22/2020,SOMOC,0.95,0.93,0.95,0.93,127.04K,0.00%
12/21/2020,SOMOC,0.95,0.95,0.96,0.93,72.41K,-1.04%
12/18/2020,SOMOC,0.96,0.98,0.98,0.96,39.93K,-1.03%
12/17/2020,SOMOC,0.97,0.99,0.99,0.97,29.15K,-2.02%
12/16/2020,SOMOC,0.99,0.96,0.99,0.95,312.02K,5.32%
12/15/2020,SOMOC,0.94,0.94,0.96,0.94,36.41K,1.08%
12/14/2020,SOMOC,0.93,0.94,0.95,0.93,45.81K,-2.11%
12/11/2020,SOMOC,0.95,0.96,0.96,0.94,33.60K,0.00%
12/10/2020,SOMOC,0.95,0.97,0.98,0.95,121.15K,-2.06%
12/09/2020,SOMOC,0.97,0.99,0.99,0.97,40.26K,-2.02%
12/08/2020,SOMOC,0.99,0.95,0.99,0.93,404.69K,3.13%
12/07/2020,SOMOC,0.96,0.97,0.99,0.96,219.02K,-4.00%
12/04/2020,SOMOC,1,1.01,1.01,0.98,38.60K,0.00%
12/03/2020,SOMOC,1,1.02,1.02,0.96,336.83K,2.04%
12/02/2020,SOMOC,0.98,0.98,1,0.97,323.08K,-2.00%
12/01/2020,SOMOC,1,1.01,1.02,0.98,171.96K,1.01%
11/30/2020,SOMOC,0.99,1.02,1.04,0.99,78.07K,-2.94%
11/27/2020,SOMOC,1.02,0.98,1.02,0.97,92.97K,5.15%
11/26/2020,SOMOC,0.97,0.98,0.98,0.96,51.90K,0.00%
11/25/2020,SOMOC,0.97,0.98,0.98,0.96,49.00K,0.00%
11/24/2020,SOMOC,0.97,0.99,0.99,0.97,82.16K,0.00%
11/23/2020,SOMOC,0.97,1.03,1.03,0.97,110.65K,-3.00%
11/20/2020,SOMOC,1,1.02,1.02,0.98,69.66K,0.00%
11/19/2020,SOMOC,1,1.04,1.05,1,118.98K,-1.96%
11/18/2020,SOMOC,1.02,1.04,1.04,1.01,54.77K,-2.86%
11/17/2020,SOMOC,1.05,1.05,1.06,1.03,22.31K,-0.94%
11/16/2020,SOMOC,1.06,1.06,1.07,1.05,23.04K,-0.93%
11/13/2020,SOMOC,1.07,1.04,1.07,1.04,34.78K,0.00%
11/12/2020,SOMOC,1.07,1.08,1.09,1.05,106.29K,0.00%
11/11/2020,SOMOC,1.07,1.06,1.07,1.05,57.81K,1.90%
11/10/2020,SOMOC,1.05,1.04,1.06,1.03,96.94K,0.96%
11/09/2020,SOMOC,1.04,1.03,1.04,1,80.93K,1.96%
11/06/2020,SOMOC,1.02,1,1.03,0.98,12.98K,3.03%
11/05/2020,SOMOC,0.99,0.97,0.99,0.97,14.10K,3.13%
11/04/2020,SOMOC,0.96,0.94,0.96,0.94,34.45K,2.13%
11/03/2020,SOMOC,0.94,0.92,0.94,0.92,11.26K,1.08%
11/02/2020,SOMOC,0.93,0.92,0.93,0.92,13.03K,0.00%
10/30/2020,SOMOC,0.93,0.93,0.93,0.92,3.45K,0.00%
10/28/2020,SOMOC,0.93,0.93,0.93,0.9,3.60K,0.00%
10/27/2020,SOMOC,0.93,0.91,0.93,0.91,5.81K,0.00%
10/26/2020,SOMOC,0.93,0.91,0.93,0.89,5.76K,2.20%
10/23/2020,SOMOC,0.91,0.91,0.92,0.9,14.10K,-1.09%
10/22/2020,SOMOC,0.92,0.92,0.93,0.91,13.82K,0.00%
10/21/2020,SOMOC,0.92,0.9,0.92,0.9,3.04K,0.00%
10/20/2020,SOMOC,0.92,0.91,0.92,0.9,24.73K,0.00%
10/19/2020,SOMOC,0.92,0.91,0.92,0.9,4.88K,0.00%
10/16/2020,SOMOC,0.92,0.92,0.92,0.91,4.48K,0.00%
10/14/2020,SOMOC,0.92,0.93,0.93,0.91,6.74K,0.00%
10/13/2020,SOMOC,0.92,0.92,0.92,0.91,10.85K,-1.08%
10/12/2020,SOMOC,0.93,0.93,0.93,0.91,16.71K,0.00%
10/09/2020,SOMOC,0.93,0.92,0.93,0.91,25.02K,1.09%
10/08/2020,SOMOC,0.92,0.94,0.94,0.92,17.07K,-1.08%
10/07/2020,SOMOC,0.93,0.94,0.94,0.92,25.01K,-1.06%
10/06/2020,SOMOC,0.94,0.94,0.96,0.93,37.81K,0.00%
10/05/2020,SOMOC,0.94,0.94,0.96,0.92,12.66K,0.00%
10/02/2020,SOMOC,0.94,0.96,0.96,0.92,50.22K,-3.09%
10/01/2020,SOMOC,0.97,0.98,0.98,0.97,11.81K,-3.00%
09/30/2020,SOMOC,1,1.03,1.04,1,13.15K,-2.91%
09/29/2020,SOMOC,1.03,1.03,1.04,1.01,16.70K,-0.96%
09/28/2020,SOMOC,1.04,1.05,1.05,1.02,11.67K,-0.95%
09/25/2020,SOMOC,1.05,1.06,1.07,1.03,38.04K,0.00%
09/24/2020,SOMOC,1.05,1.07,1.07,1.04,30.22K,-0.94%
09/23/2020,SOMOC,1.06,1.03,1.06,1.03,175.72K,1.92%
09/22/2020,SOMOC,1.04,1.03,1.04,1,36.82K,2.97%
09/21/2020,SOMOC,1.01,0.99,1.01,0.97,38.97K,2.02%
